{
  "dataset": "telco",
  "model": "xgb",
  "n_train": 5634,
  "n_test": 1409,
  "auc": 0.8291598852979927,
  "f1": 0.5672514619883041
}