{
  "dataset": "saas",
  "model": "logreg",
  "n_train": 770,
  "n_test": 193,
  "auc": 0.7401035886052534,
  "f1": 0.15384615384615385
}