{
  "dataset": "saas",
  "model": "rf",
  "n_train": 770,
  "n_test": 193,
  "auc": 0.6823899371069182,
  "f1": 0.05714285714285714
}