{
  "dataset": "telco",
  "model": "xgb",
  "n_train": 5634,
  "n_test": 1409,
  "holdout_auc": 0.8241313389650986,
  "holdout_f1": 0.6096997690531177
}